id	title	description	link	image_link	availability	price	condition	brand	product_type	identifier_exists
INV-H-001	Inversor híbrido LuxPowerTek 3K 24 V	Inversor híbrido LuxPowerTek de 3 kW y batería de 24 V, con salida de 120 V. Integra gestión solar, batería y red eléctrica para brindar ahorro y respaldo.	https://esquisolar.com/producto?producto=INV-H-001	https://esquisolar.com/assets/productos/inversores/luxpowertek-3k-24v.png	in_stock	3500.00 GTQ	new	LuxPowerTek	Inversores híbridos	no
INV-H-002	Inversor híbrido LuxPowerTek 3K 48 V	Inversor híbrido LuxPowerTek de 3 kW y batería de 48 V, con salida de 120 V. Integra gestión solar, batería y red eléctrica para brindar ahorro y respaldo.	https://esquisolar.com/producto?producto=INV-H-002	https://esquisolar.com/assets/productos/inversores/luxpowertek-3k-48v.png	in_stock	5577.00 GTQ	new	LuxPowerTek	Inversores híbridos	no
INV-H-003	Inversor híbrido LuxPowerTek PRO 4.5K	Inversor híbrido LuxPowerTek PRO de 4.5 kW y batería de 48 V, con salida de 120 V. Integra gestión solar, batería y red eléctrica.	https://esquisolar.com/producto?producto=INV-H-003	https://esquisolar.com/assets/productos/inversores/luxpowertek-pro-4-5k.png	in_stock	8045.00 GTQ	new	LuxPowerTek	Inversores híbridos	no
INV-H-005	LuxPowerTek SNA-US 6000	Inversor híbrido LuxPowerTek SNA-US 6000 para gestión de energía solar, baterías y red eléctrica, con respaldo y salida split-phase.	https://esquisolar.com/producto?producto=INV-H-005	https://esquisolar.com/assets/productos/inversores/luxpowertek-sna-us-6000.png	in_stock	12200.00 GTQ	new	LuxPowerTek	Inversores híbridos	no
INV-H-006	Inversor híbrido LuxPowerTek 12–15K	Inversor híbrido LuxPowerTek de la familia 12–15 kW y batería de 48 V, con salida de 120/240 V para proyectos de mayor capacidad.	https://esquisolar.com/producto?producto=INV-H-006	https://esquisolar.com/assets/productos/inversores/luxpowertek-12-15k.png	in_stock	19990.00 GTQ	new	LuxPowerTek	Inversores híbridos	no
INV-H-007	Inversor híbrido Growatt 3 kW 24 V	Inversor híbrido Growatt de 3.0 kW para banco de baterías de 24 V. Integra gestión solar, batería y red eléctrica para brindar ahorro y respaldo.	https://esquisolar.com/producto?producto=INV-H-007	https://esquisolar.com/assets/productos/inversores/growatt-3k-24v.png	in_stock	4995.00 GTQ	new	Growatt	Inversores híbridos	no
INV-H-008	Inversor híbrido Growatt 3 kW 48 V	Inversor híbrido Growatt de 3.0 kW para banco de baterías de 48 V. Integra gestión solar, batería y red eléctrica para brindar ahorro y respaldo.	https://esquisolar.com/producto?producto=INV-H-008	https://esquisolar.com/assets/productos/inversores/growatt-3k-48v.png	in_stock	5885.00 GTQ	new	Growatt	Inversores híbridos	no
INV-H-009	Inversor híbrido Growatt 6 kW 48 V	Inversor híbrido Growatt de 6.0 kW para banco de baterías de 48 V. Integra gestión solar, batería y red eléctrica para brindar ahorro y respaldo.	https://esquisolar.com/producto?producto=INV-H-009	https://esquisolar.com/assets/productos/inversores/growatt-6k-48v.png	in_stock	11885.00 GTQ	new	Growatt	Inversores híbridos	no
INV-H-011	Inversor híbrido Growatt 10 kW 48 V	Inversor híbrido Growatt de 10.0 kW para banco de baterías de 48 V. Integra gestión solar, batería y red eléctrica para brindar ahorro y respaldo.	https://esquisolar.com/producto?producto=INV-H-011	https://esquisolar.com/assets/productos/inversores/growatt-10k-48v.png	in_stock	22995.00 GTQ	new	Growatt	Inversores híbridos	no
INV-H-010	Inversor híbrido Growatt 12 kW 48 V	Inversor híbrido Growatt de 12.0 kW para banco de baterías de 48 V. Integra gestión solar, batería y red eléctrica para brindar ahorro y respaldo.	https://esquisolar.com/producto?producto=INV-H-010	https://esquisolar.com/assets/productos/inversores/growatt-12k-48v.png	in_stock	17625.00 GTQ	new	Growatt	Inversores híbridos	no
INV-H-012	Inversor híbrido Sunshine Solar 3 kW 24 V	Inversor híbrido Sunshine Solar de 3.0 kW para banco de baterías de 24 V. Integra gestión solar, batería y red eléctrica para brindar ahorro y respaldo.	https://esquisolar.com/producto?producto=INV-H-012	https://esquisolar.com/assets/productos/inversores/sunshine-solar-3k-24v.png	in_stock	3695.00 GTQ	new	Sunshine Solar	Inversores híbridos	no
INV-H-013	Inversor híbrido Sunshine Solar 3.6 kW 24 V	Inversor híbrido Sunshine Solar de 3.6 kW para banco de baterías de 24 V. Integra gestión solar, batería y red eléctrica para brindar ahorro y respaldo.	https://esquisolar.com/producto?producto=INV-H-013	https://esquisolar.com/assets/productos/inversores/sunshine-solar-3-6k-24v.png	in_stock	3895.00 GTQ	new	Sunshine Solar	Inversores híbridos	no
PAN-001	Panel solar Sunshine Solar 30 W	Panel solar monocristalino Sunshine Solar de 30 W para producir energía limpia en instalaciones solares pequeñas o aisladas.	https://esquisolar.com/producto?producto=PAN-001	https://esquisolar.com/assets/productos/paneles/panel-solar-30w.png	in_stock	145.00 GTQ	new	Sunshine Solar	Paneles solares	no
PAN-002	Panel solar Sunshine Solar 60 W	Panel solar monocristalino Sunshine Solar de 60 W para producir energía limpia en instalaciones residenciales o aisladas.	https://esquisolar.com/producto?producto=PAN-002	https://esquisolar.com/assets/productos/paneles/panel-solar-60w.png	in_stock	200.00 GTQ	new	Sunshine Solar	Paneles solares	no
PAN-003	Panel solar Sunshine Solar 100 W	Panel solar monocristalino Sunshine Solar de 100 W para producir energía limpia en instalaciones residenciales o aisladas.	https://esquisolar.com/producto?producto=PAN-003	https://esquisolar.com/assets/productos/paneles/panel-solar-100w.png	in_stock	340.00 GTQ	new	Sunshine Solar	Paneles solares	no
PAN-004	Panel solar Sunshine Solar 200 W	Panel solar monocristalino Sunshine Solar de 200 W para producir energía limpia en instalaciones residenciales, comerciales o aisladas.	https://esquisolar.com/producto?producto=PAN-004	https://esquisolar.com/assets/productos/paneles/panel-solar-200w.png	in_stock	420.00 GTQ	new	Sunshine Solar	Paneles solares	no
PAN-005	Panel solar Sunshine Solar 300 W	Panel solar monocristalino Sunshine Solar de 300 W para producir energía limpia en instalaciones residenciales, comerciales o aisladas.	https://esquisolar.com/producto?producto=PAN-005	https://esquisolar.com/assets/productos/paneles/panel-solar-300w.png	in_stock	630.00 GTQ	new	Sunshine Solar	Paneles solares	no
PAN-006	Panel solar Sunshine Solar 450 W	Panel solar monocristalino Sunshine Solar de 450 W para producir energía limpia en instalaciones residenciales, comerciales o aisladas.	https://esquisolar.com/producto?producto=PAN-006	https://esquisolar.com/assets/productos/paneles/panel-solar-450w.png	in_stock	750.00 GTQ	new	Sunshine Solar	Paneles solares	no
PAN-007	Panel solar Sunshine Solar 500 W	Panel solar monocristalino Sunshine Solar de 500 W para producir energía limpia en instalaciones residenciales, comerciales o aisladas.	https://esquisolar.com/producto?producto=PAN-007	https://esquisolar.com/assets/productos/paneles/panel-solar-500w.png	in_stock	815.00 GTQ	new	Sunshine Solar	Paneles solares	no
PAN-008	Panel solar bifacial JA Solar 620 W	Panel solar bifacial JA Solar de 620 W, tecnología n-type y doble vidrio para proyectos fotovoltaicos residenciales y comerciales.	https://esquisolar.com/producto?producto=PAN-008	https://esquisolar.com/assets/productos/paneles/panel-ja-solar-620w.png	in_stock	1195.00 GTQ	new	JA Solar	Paneles solares	no
PAN-009	Panel solar bifacial JA Solar 625 W	Panel solar bifacial JA Solar de 625 W para producir energía limpia en instalaciones residenciales, comerciales o aisladas.	https://esquisolar.com/producto?producto=PAN-009	https://esquisolar.com/assets/productos/paneles/panel-ja-solar-625w.png	in_stock	1245.00 GTQ	new	JA Solar	Paneles solares	no
FOC-001	Foco LED Suki 12 V 7 W	Foco LED Suki 12 V 7 W. Solución de iluminación eficiente para sistemas de corriente continua. Ideal para viviendas, comercios o instalaciones solares compatibles con el voltaje indicado.	https://esquisolar.com/producto?producto=FOC-001	https://esquisolar.com/assets/productos/focos/foco-suki-7w.png	in_stock	13.00 GTQ	new	Suki	Focos LED	no
FOC-002	Foco LED Suki 12 V 9 W	Foco LED Suki 12 V 9 W. Solución de iluminación eficiente para sistemas de corriente continua. Ideal para viviendas, comercios o instalaciones solares compatibles con el voltaje indicado.	https://esquisolar.com/producto?producto=FOC-002	https://esquisolar.com/assets/productos/focos/foco-suki-9w.png	in_stock	17.00 GTQ	new	Suki	Focos LED	no
FOC-003	Foco LED multivoltaje Nuevasa 12–85 V 3 W	Foco LED multivoltaje Nuevasa 12–85 V 3 W. Solución de iluminación eficiente para sistemas de corriente continua. Ideal para viviendas, comercios o instalaciones solares compatibles con el voltaje indicado.	https://esquisolar.com/producto?producto=FOC-003	https://esquisolar.com/assets/productos/focos/foco-nuevasa-3w.png	in_stock	16.00 GTQ	new	Nuevasa	Focos LED	no
FOC-004	Foco LED multivoltaje Nuevasa 12–85 V 5 W	Foco LED multivoltaje Nuevasa 12–85 V 5 W. Solución de iluminación eficiente para sistemas de corriente continua. Ideal para viviendas, comercios o instalaciones solares compatibles con el voltaje indicado.	https://esquisolar.com/producto?producto=FOC-004	https://esquisolar.com/assets/productos/focos/foco-nuevasa-5w.png	in_stock	20.00 GTQ	new	Nuevasa	Focos LED	no
FOC-005	Foco LED multivoltaje Nuevasa 12–85 V 7 W	Foco LED multivoltaje Nuevasa 12–85 V 7 W. Solución de iluminación eficiente para sistemas de corriente continua. Ideal para viviendas, comercios o instalaciones solares compatibles con el voltaje indicado.	https://esquisolar.com/producto?producto=FOC-005	https://esquisolar.com/assets/productos/focos/foco-nuevasa-7w.png	in_stock	23.00 GTQ	new	Nuevasa	Focos LED	no
FOC-006	Foco LED multivoltaje Nuevasa 12–85 V 9 W	Foco LED multivoltaje Nuevasa 12–85 V 9 W. Solución de iluminación eficiente para sistemas de corriente continua. Ideal para viviendas, comercios o instalaciones solares compatibles con el voltaje indicado.	https://esquisolar.com/producto?producto=FOC-006	https://esquisolar.com/assets/productos/focos/foco-nuevasa-9w.png	in_stock	27.00 GTQ	new	Nuevasa	Focos LED	no
FOC-007	Foco LED multivoltaje Nuevasa 12–85 V 12 W	Foco LED multivoltaje Nuevasa 12–85 V 12 W. Solución de iluminación eficiente para sistemas de corriente continua. Ideal para viviendas, comercios o instalaciones solares compatibles con el voltaje indicado.	https://esquisolar.com/producto?producto=FOC-007	https://esquisolar.com/assets/productos/focos/foco-nuevasa-12w.png	in_stock	32.00 GTQ	new	Nuevasa	Focos LED	no
BAT-001	Batería de gel Sunlight 12 V 30 Ah	Batería de gel Sunlight 12 V 30 Ah. Batería sellada tipo gel para almacenamiento de energía en sistemas solares y respaldo. Capacidad nominal indicada en el nombre; confirmar ciclos, peso y garantía según el modelo entregado.	https://esquisolar.com/producto?producto=BAT-001	https://esquisolar.com/assets/productos/baterias/bateria-sunlight-30ah.png	in_stock	460.00 GTQ	new	Sunlight	Baterías	no
BAT-002	Batería de gel Sunlight 12 V 60 Ah	Batería de gel Sunlight 12 V 60 Ah. Batería sellada tipo gel para almacenamiento de energía en sistemas solares y respaldo. Capacidad nominal indicada en el nombre; confirmar ciclos, peso y garantía según el modelo entregado.	https://esquisolar.com/producto?producto=BAT-002	https://esquisolar.com/assets/productos/baterias/bateria-sunlight-60ah.png	in_stock	725.00 GTQ	new	Sunlight	Baterías	no
BAT-003	Batería de gel Sonne 12 V 100 Ah	Batería de gel Sonne 12 V 100 Ah. Batería sellada tipo gel para almacenamiento de energía en sistemas solares y respaldo. Capacidad nominal indicada en el nombre; confirmar ciclos, peso y garantía según el modelo entregado.	https://esquisolar.com/producto?producto=BAT-003	https://esquisolar.com/assets/productos/baterias/bateria-sonne-100ah.png	in_stock	1500.00 GTQ	new	Sonne	Baterías	no
BAT-004	Batería de gel Sonne 12 V 150 Ah	Batería de gel Sonne 12 V 150 Ah. Batería sellada tipo gel para almacenamiento de energía en sistemas solares y respaldo. Capacidad nominal indicada en el nombre; confirmar ciclos, peso y garantía según el modelo entregado.	https://esquisolar.com/producto?producto=BAT-004	https://esquisolar.com/assets/productos/baterias/bateria-sonne-150ah.png	in_stock	1950.00 GTQ	new	Sonne	Baterías	no
BAT-005	Batería de gel Sonne 12 V 200 Ah	Batería de gel Sonne 12 V 200 Ah. Batería sellada tipo gel para almacenamiento de energía en sistemas solares y respaldo. Capacidad nominal indicada en el nombre; confirmar ciclos, peso y garantía según el modelo entregado.	https://esquisolar.com/producto?producto=BAT-005	https://esquisolar.com/assets/productos/baterias/bateria-sonne-200ah.png	in_stock	2600.00 GTQ	new	Sonne	Baterías	no
INV-OP-001	Inversor de onda pura MUST 12 V 1.0 kW	Inversor de onda senoidal pura MUST de 1000 W para bancos de baterías de 12 V. Convierte la energía almacenada en corriente alterna estable para equipos electrónicos y cargas compatibles.	https://esquisolar.com/producto?producto=INV-OP-001	https://esquisolar.com/assets/productos/inversores/inversor-must-onda-pura-1000w.png	in_stock	1195.00 GTQ	new	MUST	Inversores de onda pura	no
INV-OP-002	Inversor de onda pura MUST 24 V 1.5 kW	Inversor de onda senoidal pura MUST de 1500 W para bancos de baterías de 24 V. Convierte la energía almacenada en corriente alterna estable para equipos electrónicos y cargas compatibles.	https://esquisolar.com/producto?producto=INV-OP-002	https://esquisolar.com/assets/productos/inversores/inversor-must-onda-pura-1500w.png	in_stock	1795.00 GTQ	new	MUST	Inversores de onda pura	no
INV-OP-003	Inversor de onda pura MUST 24 V 2.0 kW	Inversor de onda senoidal pura MUST de 2000 W para bancos de baterías de 24 V. Convierte la energía almacenada en corriente alterna estable para equipos electrónicos y cargas compatibles.	https://esquisolar.com/producto?producto=INV-OP-003	https://esquisolar.com/assets/productos/inversores/inversor-must-onda-pura-2000w.png	in_stock	2095.00 GTQ	new	MUST	Inversores de onda pura	no
PWM-001	Controlador de carga PWM Sunshine Solar 10 A	Controlador de carga PWM Sunshine Solar 10 A. Regulador para controlar la carga de baterías desde paneles solares. Seleccione el amperaje y voltaje adecuados para su sistema fotovoltaico.	https://esquisolar.com/producto?producto=PWM-001	https://esquisolar.com/assets/productos/controladores/controlador-sunshine-pwm-10-20a.png	in_stock	125.00 GTQ	new	Sunshine Solar	Controladores PWM	no
PWM-002	Controlador de carga PWM Sunshine Solar 20 A	Controlador de carga PWM Sunshine Solar 20 A. Regulador para controlar la carga de baterías desde paneles solares. Seleccione el amperaje y voltaje adecuados para su sistema fotovoltaico.	https://esquisolar.com/producto?producto=PWM-002	https://esquisolar.com/assets/productos/controladores/controlador-sunshine-pwm-10-20a.png	in_stock	175.00 GTQ	new	Sunshine Solar	Controladores PWM	no
PWM-003	Controlador de carga PWM Sunshine Solar 30 A	Controlador de carga PWM Sunshine Solar 30 A. Regulador para controlar la carga de baterías desde paneles solares. Seleccione el amperaje y voltaje adecuados para su sistema fotovoltaico.	https://esquisolar.com/producto?producto=PWM-003	https://esquisolar.com/assets/productos/controladores/controlador-sunshine-pwm-30a.png	in_stock	205.00 GTQ	new	Sunshine Solar	Controladores PWM	no
PWM-004	Controlador de carga PWM LDSOLAR 10 A	Controlador de carga PWM LDSOLAR 10 A. Regulador PWM para controlar la carga de baterías desde paneles solares. Seleccionar el amperaje y voltaje adecuados para el arreglo fotovoltaico.	https://esquisolar.com/producto?producto=PWM-004	https://esquisolar.com/assets/productos/controladores/ldsolar-pwm-10-30a-nueva.png	in_stock	185.00 GTQ	new	LDSOLAR	Controladores PWM	no
PWM-005	Controlador de carga PWM LDSOLAR 20 A	Controlador de carga PWM LDSOLAR 20 A. Regulador PWM para controlar la carga de baterías desde paneles solares. Seleccionar el amperaje y voltaje adecuados para el arreglo fotovoltaico.	https://esquisolar.com/producto?producto=PWM-005	https://esquisolar.com/assets/productos/controladores/ldsolar-pwm-10-30a-nueva.png	in_stock	225.00 GTQ	new	LDSOLAR	Controladores PWM	no
PWM-006	Controlador de carga PWM LDSOLAR 30 A	Controlador de carga PWM LDSOLAR 30 A. Regulador PWM para controlar la carga de baterías desde paneles solares. Seleccionar el amperaje y voltaje adecuados para el arreglo fotovoltaico.	https://esquisolar.com/producto?producto=PWM-006	https://esquisolar.com/assets/productos/controladores/ldsolar-pwm-10-30a-nueva.png	in_stock	285.00 GTQ	new	LDSOLAR	Controladores PWM	no
PWM-007	Controlador de carga PWM LDSOLAR 40 A	Controlador de carga PWM LDSOLAR 40 A. Regulador PWM para controlar la carga de baterías desde paneles solares. Seleccionar el amperaje y voltaje adecuados para el arreglo fotovoltaico.	https://esquisolar.com/producto?producto=PWM-007	https://esquisolar.com/assets/productos/controladores/ldsolar-pwm-40a-nueva.png	in_stock	390.00 GTQ	new	LDSOLAR	Controladores PWM	no
PWM-008	Controlador de carga PWM LDSOLAR 50 A	Controlador de carga PWM LDSOLAR 50 A. Regulador PWM para controlar la carga de baterías desde paneles solares. Seleccionar el amperaje y voltaje adecuados para el arreglo fotovoltaico.	https://esquisolar.com/producto?producto=PWM-008	https://esquisolar.com/assets/productos/controladores/ldsolar-pwm-50a-nueva.png	in_stock	490.00 GTQ	new	LDSOLAR	Controladores PWM	no
PWM-009	Controlador de carga PWM LDSOLAR 60 A	Controlador de carga PWM LDSOLAR 60 A. Regulador PWM para controlar la carga de baterías desde paneles solares. Seleccionar el amperaje y voltaje adecuados para el arreglo fotovoltaico.	https://esquisolar.com/producto?producto=PWM-009	https://esquisolar.com/assets/productos/controladores/ldsolar-pwm-60a-nueva.png	in_stock	550.00 GTQ	new	LDSOLAR	Controladores PWM	no
PWM-010	Controlador de carga PWM PowMr 30 A	Controlador de carga PWM PowMr de 30 A para controlar la carga de baterías desde paneles solares. Seleccione el amperaje y voltaje adecuados para su sistema fotovoltaico.	https://esquisolar.com/producto?producto=PWM-010	https://esquisolar.com/assets/productos/controladores/controlador-powmr-pwm-30a.png	in_stock	375.00 GTQ	new	PowMr	Controladores PWM	no
PWM-011	Controlador de carga PWM PowMr 60 A	Controlador de carga PWM PowMr de 60 A para controlar la carga de baterías desde paneles solares. Seleccione el amperaje y voltaje adecuados para su sistema fotovoltaico.	https://esquisolar.com/producto?producto=PWM-011	https://esquisolar.com/assets/productos/controladores/controlador-powmr-pwm-60a.png	in_stock	595.00 GTQ	new	PowMr	Controladores PWM	no
MPPT-001	Controlador de carga MPPT PowMr 20 A	Controlador de carga MPPT PowMr de 20 A, diseñado para aprovechar eficientemente la energía de los paneles solares y gestionar la carga de baterías compatibles.	https://esquisolar.com/producto?producto=MPPT-001	https://esquisolar.com/assets/productos/controladores/controlador-powmr-mppt.png	in_stock	695.00 GTQ	new	PowMr	Controladores MPPT	no
MPPT-002	Controlador de carga MPPT PowMr 30 A	Controlador de carga MPPT PowMr de 30 A, diseñado para aprovechar eficientemente la energía de los paneles solares y gestionar la carga de baterías compatibles.	https://esquisolar.com/producto?producto=MPPT-002	https://esquisolar.com/assets/productos/controladores/controlador-powmr-mppt.png	in_stock	840.00 GTQ	new	PowMr	Controladores MPPT	no
MPPT-003	Controlador de carga MPPT PowMr 40 A	Controlador de carga MPPT PowMr de 40 A, diseñado para aprovechar eficientemente la energía de los paneles solares y gestionar la carga de baterías compatibles.	https://esquisolar.com/producto?producto=MPPT-003	https://esquisolar.com/assets/productos/controladores/controlador-powmr-mppt.png	in_stock	1200.00 GTQ	new	PowMr	Controladores MPPT	no
MPPT-004	Controlador de carga MPPT PowMr PRO 60 A	Controlador de carga MPPT PowMr PRO de 60 A. Controlador MPPT diseñado para aprovechar eficientemente la energía disponible del arreglo solar y gestionar la carga de baterías compatibles.	https://esquisolar.com/producto?producto=MPPT-004	https://esquisolar.com/assets/productos/controladores/controlador-powmr-mppt-pro.png	in_stock	1495.00 GTQ	new	PowMr	Controladores MPPT	no
MPPT-005	Controlador de carga MPPT PowMr PRO 80 A	Controlador de carga MPPT PowMr PRO de 80 A. Controlador MPPT diseñado para aprovechar eficientemente la energía disponible del arreglo solar y gestionar la carga de baterías compatibles.	https://esquisolar.com/producto?producto=MPPT-005	https://esquisolar.com/assets/productos/controladores/controlador-powmr-mppt-pro.png	in_stock	1920.00 GTQ	new	PowMr	Controladores MPPT	no
MPPT-006	Controlador de carga MPPT PowMr PRO 100 A	Controlador de carga MPPT PowMr PRO de 100 A. Controlador MPPT diseñado para aprovechar eficientemente la energía disponible del arreglo solar y gestionar la carga de baterías compatibles.	https://esquisolar.com/producto?producto=MPPT-006	https://esquisolar.com/assets/productos/controladores/controlador-powmr-mppt-pro.png	in_stock	2300.00 GTQ	new	PowMr	Controladores MPPT	no
REF-001	Congelador solar AC/DC 118 L	Congelador solar de 118 litros con adaptador AC/DC incluido. Diseñado para conservar alimentos y productos a temperaturas entre -20 °C y 0 °C.	https://esquisolar.com/producto?producto=REF-001	https://esquisolar.com/assets/images/catalogo/publicidad-congelador-esquisolar-118l.png	in_stock	2495.00 GTQ	new	Sunshine Solar	Refrigeración solar	no
REF-002	Congelador solar AC/DC 168 L	Congelador solar de 168 litros con adaptador AC/DC incluido. Diseñado para conservar alimentos y productos a temperaturas entre -20 °C y 0 °C.	https://esquisolar.com/producto?producto=REF-002	https://esquisolar.com/assets/images/catalogo/publicidad-congelador-esquisolar-168l.png	in_stock	2895.00 GTQ	new	Sunshine Solar	Refrigeración solar	no
REF-003	Congelador solar AC/DC 218 L	Congelador solar de 218 litros con adaptador AC/DC incluido. Diseñado para conservar alimentos y productos a temperaturas entre -20 °C y 0 °C.	https://esquisolar.com/producto?producto=REF-003	https://esquisolar.com/assets/images/catalogo/publicidad-congelador-esquisolar-218l.png	in_stock	3595.00 GTQ	new	Sunshine Solar	Refrigeración solar	no
REF-004	Congelador solar AC/DC 318 L	Congelador solar de 318 litros con adaptador AC/DC incluido. Diseñado para conservar alimentos y productos a temperaturas entre -20 °C y 0 °C.	https://esquisolar.com/producto?producto=REF-004	https://esquisolar.com/assets/images/catalogo/publicidad-congelador-esquisolar-318l.png	in_stock	4795.00 GTQ	new	Sunshine Solar	Refrigeración solar	no
